biosample_accession	*sample_name	*sample_title	description	*organism	*taxonomy_id	bioproject_id	strain	breed	cultivar	isolate	label	biomaterial_provider	collection_date	env_biome	geo_loc_name	host	subspecf_gen_lin	tissue_type	age	anamorph	authority	cell_line	cell_type	collected_by	culture_collection	dev_stage	disease	disease_stage	genotype	haplotype	health_state	host_body_site	isolation_source	lab_host	passage_history	pathovar	phenotype	sample_type	serotype	serovar	sex	specimen_voucher	subgroup	subtype	teleomorph	sample comment
SAMD00011782	DRS014706	A427 lung adenocarcinoma cell lines;  ChIPseq; anti-RNA Polymerase II (ab817 GR81285-2, abcam)		Homo sapiens	9606																																									A427 lung adenocarcinoma cell lines;  ChIPseq; anti-RNA Polymerase II (ab817 GR81285-2, abcam)
SAMD00011877	DRS014707	A427 lung adenocarcinoma cell lines;  ChIPseq;  anti-H3K9me3 (ab8898 GR111948-1, abcam);		Homo sapiens	9606																																									A427 lung adenocarcinoma cell lines;  ChIPseq;  anti-H3K9me3 (ab8898 GR111948-1, abcam);
SAMD00011701	DRS014708	A427 lung adenocarcinoma cell lines;  ChIPseq; anti-H3K9/14ac (06-599 2153150, Millipore);		Homo sapiens	9606																																									A427 lung adenocarcinoma cell lines;  ChIPseq; anti-H3K9/14ac (06-599 2153150, Millipore);
SAMD00011889	DRS014709	A427 lung adenocarcinoma cell lines;  ChIPseq; anti-H3K4me3 (ab1012 GR7751-1/GR80367-1, abcam);		Homo sapiens	9606																																									A427 lung adenocarcinoma cell lines;  ChIPseq; anti-H3K4me3 (ab1012 GR7751-1/GR80367-1, abcam);
SAMD00011831	DRS014710	A427 lung adenocarcinoma cell lines;  ChIPseq; anti-H3K4me1 (ab8895 GR114297-1, abcam);		Homo sapiens	9606																																									A427 lung adenocarcinoma cell lines;  ChIPseq; anti-H3K4me1 (ab8895 GR114297-1, abcam);
SAMD00011804	DRS014711	A427 lung adenocarcinoma cell lines;  ChIPseq; anti-H3K36me3 (ab9050 GR106966-1, abcam);		Homo sapiens	9606																																									A427 lung adenocarcinoma cell lines;  ChIPseq; anti-H3K36me3 (ab9050 GR106966-1, abcam);
SAMD00011805	DRS014712	A427 lung adenocarcinoma cell lines;  ChIPseq; anti-H3K27me3 (07-449 1999681, Millipore; ab6002 GR77445-10, abcam);		Homo sapiens	9606																																									A427 lung adenocarcinoma cell lines;  ChIPseq; anti-H3K27me3 (07-449 1999681, Millipore; ab6002 GR77445-10, abcam);
SAMD00011891	DRS014713	A427 lung adenocarcinoma cell lines;  ChIPseq; anti-H3K27ac (ab4729 GR104852-1, abcam);		Homo sapiens	9606																																									A427 lung adenocarcinoma cell lines;  ChIPseq; anti-H3K27ac (ab4729 GR104852-1, abcam);
SAMD00011729	DRS014714	A427 lung adenocarcinoma cell lines;  ChIPseq;  whole cell extract DNA;		Homo sapiens	9606																																									A427 lung adenocarcinoma cell lines;  ChIPseq;  whole cell extract DNA;
SAMD00011692	DRS014715	A549 lung adenocarcinoma cell lines;  ChIPseq; anti-RNA Polymerase II (ab817 GR81285-2, abcam)		Homo sapiens	9606																																									A549 lung adenocarcinoma cell lines;  ChIPseq; anti-RNA Polymerase II (ab817 GR81285-2, abcam)
SAMD00011668	DRS014716	A549 lung adenocarcinoma cell lines;  ChIPseq; anti-H3K9me3 (ab8898 GR111948-1, abcam);		Homo sapiens	9606																																									A549 lung adenocarcinoma cell lines;  ChIPseq; anti-H3K9me3 (ab8898 GR111948-1, abcam);
SAMD00011786	DRS014717	A549 lung adenocarcinoma cell lines;  ChIPseq; anti-H3K9/14ac (06-599 2153150, Millipore);		Homo sapiens	9606																																									A549 lung adenocarcinoma cell lines;  ChIPseq; anti-H3K9/14ac (06-599 2153150, Millipore);
SAMD00011756	DRS014718	A549 lung adenocarcinoma cell lines;  ChIPseq; anti-H3K4me3 (ab1012 GR7751-1/GR80367-1, abcam);		Homo sapiens	9606																																									A549 lung adenocarcinoma cell lines;  ChIPseq; anti-H3K4me3 (ab1012 GR7751-1/GR80367-1, abcam);
SAMD00011896	DRS014719	A549 lung adenocarcinoma cell lines;  ChIPseq; anti-H3K4me1 (ab8895 GR114297-1, abcam);		Homo sapiens	9606																																									A549 lung adenocarcinoma cell lines;  ChIPseq; anti-H3K4me1 (ab8895 GR114297-1, abcam);
SAMD00011755	DRS014720	A549 lung adenocarcinoma cell lines;  ChIPseq; anti-H3K36me3 (ab9050 GR106966-1, abcam);		Homo sapiens	9606																																									A549 lung adenocarcinoma cell lines;  ChIPseq; anti-H3K36me3 (ab9050 GR106966-1, abcam);
SAMD00011724	DRS014721	A549 lung adenocarcinoma cell lines;  ChIPseq; anti-H3K27me3 (07-449 1999681, Millipore; ab6002 GR77445-10, abcam);		Homo sapiens	9606																																									A549 lung adenocarcinoma cell lines;  ChIPseq; anti-H3K27me3 (07-449 1999681, Millipore; ab6002 GR77445-10, abcam);
SAMD00011796	DRS014722	A549 lung adenocarcinoma cell lines;  ChIPseq; anti-H3K27ac (ab4729 GR104852-1, abcam);		Homo sapiens	9606																																									A549 lung adenocarcinoma cell lines;  ChIPseq; anti-H3K27ac (ab4729 GR104852-1, abcam);
SAMD00011779	DRS014723	A549 lung adenocarcinoma cell lines;  ChIPseq; whole cell extract DNA;		Homo sapiens	9606																																									A549 lung adenocarcinoma cell lines;  ChIPseq; whole cell extract DNA;
SAMD00011788	DRS014724	ABC-1 lung adenocarcinoma cell lines;  ChIPseq; anti-RNA Polymerase II (ab817 GR81285-2, abcam)		Homo sapiens	9606																																									ABC-1 lung adenocarcinoma cell lines;  ChIPseq; anti-RNA Polymerase II (ab817 GR81285-2, abcam)
SAMD00011690	DRS014725	ABC-1 lung adenocarcinoma cell lines;  ChIPseq; anti-H3K9me3 (ab8898 GR111948-1, abcam);		Homo sapiens	9606																																									ABC-1 lung adenocarcinoma cell lines;  ChIPseq; anti-H3K9me3 (ab8898 GR111948-1, abcam);
SAMD00011801	DRS014726	ABC-1 lung adenocarcinoma cell lines;  ChIPseq; anti-H3K9/14ac (06-599 2153150, Millipore);		Homo sapiens	9606																																									ABC-1 lung adenocarcinoma cell lines;  ChIPseq; anti-H3K9/14ac (06-599 2153150, Millipore);
SAMD00011830	DRS014727	ABC-1 lung adenocarcinoma cell lines;  ChIPseq; anti-H3K4me3 (ab1012 GR7751-1/GR80367-1, abcam);		Homo sapiens	9606																																									ABC-1 lung adenocarcinoma cell lines;  ChIPseq; anti-H3K4me3 (ab1012 GR7751-1/GR80367-1, abcam);
SAMD00011720	DRS014728	ABC-1 lung adenocarcinoma cell lines;  ChIPseq; anti-H3K4me1 (ab8895 GR114297-1, abcam);		Homo sapiens	9606																																									ABC-1 lung adenocarcinoma cell lines;  ChIPseq; anti-H3K4me1 (ab8895 GR114297-1, abcam);
SAMD00011856	DRS014729	ABC-1 lung adenocarcinoma cell lines;  ChIPseq; anti-H3K36me3 (ab9050 GR106966-1, abcam);		Homo sapiens	9606																																									ABC-1 lung adenocarcinoma cell lines;  ChIPseq; anti-H3K36me3 (ab9050 GR106966-1, abcam);
SAMD00011869	DRS014730	ABC-1 lung adenocarcinoma cell lines;  ChIPseq; anti-H3K27me3 (07-449 1999681, Millipore; ab6002 GR77445-10, abcam);		Homo sapiens	9606																																									ABC-1 lung adenocarcinoma cell lines;  ChIPseq; anti-H3K27me3 (07-449 1999681, Millipore; ab6002 GR77445-10, abcam);
SAMD00011833	DRS014731	ABC-1 lung adenocarcinoma cell lines;  ChIPseq; anti-H3K27ac (ab4729 GR104852-1, abcam);		Homo sapiens	9606																																									ABC-1 lung adenocarcinoma cell lines;  ChIPseq; anti-H3K27ac (ab4729 GR104852-1, abcam);
SAMD00011879	DRS014732	ABC-1 lung adenocarcinoma cell lines;  ChIPseq; whole cell extract DNA;		Homo sapiens	9606																																									ABC-1 lung adenocarcinoma cell lines;  ChIPseq; whole cell extract DNA;
SAMD00011767	DRS014733	H1299 lung adenocarcinoma cell lines;  ChIPseq; anti-RNA Polymerase II (ab817 GR81285-2, abcam)		Homo sapiens	9606																																									H1299 lung adenocarcinoma cell lines;  ChIPseq; anti-RNA Polymerase II (ab817 GR81285-2, abcam)
SAMD00011703	DRS014734	H1299 lung adenocarcinoma cell lines;  ChIPseq; anti-H3K9me3 (ab8898 GR111948-1, abcam);		Homo sapiens	9606																																									H1299 lung adenocarcinoma cell lines;  ChIPseq; anti-H3K9me3 (ab8898 GR111948-1, abcam);
SAMD00011823	DRS014735	H1299 lung adenocarcinoma cell lines;  ChIPseq; anti-H3K9/14ac (06-599 2153150, Millipore);		Homo sapiens	9606																																									H1299 lung adenocarcinoma cell lines;  ChIPseq; anti-H3K9/14ac (06-599 2153150, Millipore);
SAMD00011780	DRS014736	H1299 lung adenocarcinoma cell lines;  ChIPseq; anti-H3K4me3 (ab1012 GR7751-1/GR80367-1, abcam);		Homo sapiens	9606																																									H1299 lung adenocarcinoma cell lines;  ChIPseq; anti-H3K4me3 (ab1012 GR7751-1/GR80367-1, abcam);
SAMD00011849	DRS014737	H1299 lung adenocarcinoma cell lines;  ChIPseq; anti-H3K4me1 (ab8895 GR114297-1, abcam);		Homo sapiens	9606																																									H1299 lung adenocarcinoma cell lines;  ChIPseq; anti-H3K4me1 (ab8895 GR114297-1, abcam);
SAMD00011743	DRS014738	H1299 lung adenocarcinoma cell lines;  ChIPseq; anti-H3K36me3 (ab9050 GR106966-1, abcam);		Homo sapiens	9606																																									H1299 lung adenocarcinoma cell lines;  ChIPseq; anti-H3K36me3 (ab9050 GR106966-1, abcam);
SAMD00011787	DRS014739	H1299 lung adenocarcinoma cell lines;  ChIPseq; anti-H3K27me3 (07-449 1999681, Millipore; ab6002 GR77445-10, abcam);		Homo sapiens	9606																																									H1299 lung adenocarcinoma cell lines;  ChIPseq; anti-H3K27me3 (07-449 1999681, Millipore; ab6002 GR77445-10, abcam);
SAMD00011739	DRS014740	H1299 lung adenocarcinoma cell lines;  ChIPseq; anti-H3K27ac (ab4729 GR104852-1, abcam);		Homo sapiens	9606																																									H1299 lung adenocarcinoma cell lines;  ChIPseq; anti-H3K27ac (ab4729 GR104852-1, abcam);
SAMD00011775	DRS014741	H1299 lung adenocarcinoma cell lines;  ChIPseq; whole cell extract DNA;		Homo sapiens	9606																																									H1299 lung adenocarcinoma cell lines;  ChIPseq; whole cell extract DNA;
SAMD00011691	DRS014742	H1437 lung adenocarcinoma cell lines;  ChIPseq; anti-RNA Polymerase II (ab817 GR81285-2, abcam)		Homo sapiens	9606																																									H1437 lung adenocarcinoma cell lines;  ChIPseq; anti-RNA Polymerase II (ab817 GR81285-2, abcam)
SAMD00011705	DRS014743	H1437 lung adenocarcinoma cell lines;  ChIPseq; anti-H3K9me3 (ab8898 GR111948-1, abcam);		Homo sapiens	9606																																									H1437 lung adenocarcinoma cell lines;  ChIPseq; anti-H3K9me3 (ab8898 GR111948-1, abcam);
SAMD00011666	DRS014744	H1437 lung adenocarcinoma cell lines;  ChIPseq; anti-H3K9/14ac (06-599 2153150, Millipore);		Homo sapiens	9606																																									H1437 lung adenocarcinoma cell lines;  ChIPseq; anti-H3K9/14ac (06-599 2153150, Millipore);
SAMD00011855	DRS014745	H1437 lung adenocarcinoma cell lines;  ChIPseq; anti-H3K4me3 (ab1012 GR7751-1/GR80367-1, abcam);		Homo sapiens	9606																																									H1437 lung adenocarcinoma cell lines;  ChIPseq; anti-H3K4me3 (ab1012 GR7751-1/GR80367-1, abcam);
SAMD00011884	DRS014746	H1437 lung adenocarcinoma cell lines;  ChIPseq; anti-H3K4me1 (ab8895 GR114297-1, abcam);		Homo sapiens	9606																																									H1437 lung adenocarcinoma cell lines;  ChIPseq; anti-H3K4me1 (ab8895 GR114297-1, abcam);
SAMD00011892	DRS014747	H1437 lung adenocarcinoma cell lines;  ChIPseq; anti-H3K36me3 (ab9050 GR106966-1, abcam);		Homo sapiens	9606																																									H1437 lung adenocarcinoma cell lines;  ChIPseq; anti-H3K36me3 (ab9050 GR106966-1, abcam);
SAMD00011858	DRS014748	H1437 lung adenocarcinoma cell lines;  ChIPseq; anti-H3K27me3 (07-449 1999681, Millipore; ab6002 GR77445-10, abcam);		Homo sapiens	9606																																									H1437 lung adenocarcinoma cell lines;  ChIPseq; anti-H3K27me3 (07-449 1999681, Millipore; ab6002 GR77445-10, abcam);
SAMD00011881	DRS014749	H1437 lung adenocarcinoma cell lines;  ChIPseq; anti-H3K27ac (ab4729 GR104852-1, abcam);		Homo sapiens	9606																																									H1437 lung adenocarcinoma cell lines;  ChIPseq; anti-H3K27ac (ab4729 GR104852-1, abcam);
SAMD00011759	DRS014750	H1437 lung adenocarcinoma cell lines;  ChIPseq; whole cell extract DNA;		Homo sapiens	9606																																									H1437 lung adenocarcinoma cell lines;  ChIPseq; whole cell extract DNA;
SAMD00011778	DRS014751	H1648 lung adenocarcinoma cell lines;  ChIPseq; anti-RNA Polymerase II (ab817 GR81285-2, abcam)		Homo sapiens	9606																																									H1648 lung adenocarcinoma cell lines;  ChIPseq; anti-RNA Polymerase II (ab817 GR81285-2, abcam)
SAMD00011850	DRS014752	H1648 lung adenocarcinoma cell lines;  ChIPseq; anti-H3K9me3 (ab8898 GR111948-1, abcam);		Homo sapiens	9606																																									H1648 lung adenocarcinoma cell lines;  ChIPseq; anti-H3K9me3 (ab8898 GR111948-1, abcam);
SAMD00011726	DRS014753	H1648 lung adenocarcinoma cell lines;  ChIPseq; anti-H3K9/14ac (06-599 2153150, Millipore);		Homo sapiens	9606																																									H1648 lung adenocarcinoma cell lines;  ChIPseq; anti-H3K9/14ac (06-599 2153150, Millipore);
SAMD00011670	DRS014754	H1648 lung adenocarcinoma cell lines;  ChIPseq; anti-H3K4me3 (ab1012 GR7751-1/GR80367-1, abcam);		Homo sapiens	9606																																									H1648 lung adenocarcinoma cell lines;  ChIPseq; anti-H3K4me3 (ab1012 GR7751-1/GR80367-1, abcam);
SAMD00011872	DRS014755	H1648 lung adenocarcinoma cell lines;  ChIPseq; anti-H3K4me1 (ab8895 GR114297-1, abcam);		Homo sapiens	9606																																									H1648 lung adenocarcinoma cell lines;  ChIPseq; anti-H3K4me1 (ab8895 GR114297-1, abcam);
SAMD00011730	DRS014756	H1648 lung adenocarcinoma cell lines;  ChIPseq; anti-H3K36me3 (ab9050 GR106966-1, abcam);		Homo sapiens	9606																																									H1648 lung adenocarcinoma cell lines;  ChIPseq; anti-H3K36me3 (ab9050 GR106966-1, abcam);
SAMD00011719	DRS014757	H1648 lung adenocarcinoma cell lines;  ChIPseq; anti-H3K27me3 (07-449 1999681, Millipore; ab6002 GR77445-10, abcam);		Homo sapiens	9606																																									H1648 lung adenocarcinoma cell lines;  ChIPseq; anti-H3K27me3 (07-449 1999681, Millipore; ab6002 GR77445-10, abcam);
SAMD00011862	DRS014758	H1648 lung adenocarcinoma cell lines;  ChIPseq; anti-H3K27ac (ab4729 GR104852-1, abcam);		Homo sapiens	9606																																									H1648 lung adenocarcinoma cell lines;  ChIPseq; anti-H3K27ac (ab4729 GR104852-1, abcam);
SAMD00011871	DRS014759	H1648 lung adenocarcinoma cell lines;  ChIPseq; whole cell extract DNA;		Homo sapiens	9606																																									H1648 lung adenocarcinoma cell lines;  ChIPseq; whole cell extract DNA;
SAMD00011816	DRS014760	H1650 lung adenocarcinoma cell lines;  ChIPseq; anti-RNA Polymerase II (ab817 GR81285-2, abcam)		Homo sapiens	9606																																									H1650 lung adenocarcinoma cell lines;  ChIPseq; anti-RNA Polymerase II (ab817 GR81285-2, abcam)
SAMD00011808	DRS014761	H1650 lung adenocarcinoma cell lines;  ChIPseq; anti-H3K9me3 (ab8898 GR111948-1, abcam);		Homo sapiens	9606																																									H1650 lung adenocarcinoma cell lines;  ChIPseq; anti-H3K9me3 (ab8898 GR111948-1, abcam);
SAMD00011803	DRS014762	H1650 lung adenocarcinoma cell lines;  ChIPseq; anti-H3K9/14ac (06-599 2153150, Millipore);		Homo sapiens	9606																																									H1650 lung adenocarcinoma cell lines;  ChIPseq; anti-H3K9/14ac (06-599 2153150, Millipore);
SAMD00011800	DRS014763	H1650 lung adenocarcinoma cell lines;  ChIPseq; anti-H3K4me3 (ab1012 GR7751-1/GR80367-1, abcam);		Homo sapiens	9606																																									H1650 lung adenocarcinoma cell lines;  ChIPseq; anti-H3K4me3 (ab1012 GR7751-1/GR80367-1, abcam);
SAMD00011676	DRS014764	H1650 lung adenocarcinoma cell lines;  ChIPseq; anti-H3K4me1 (ab8895 GR114297-1, abcam);		Homo sapiens	9606																																									H1650 lung adenocarcinoma cell lines;  ChIPseq; anti-H3K4me1 (ab8895 GR114297-1, abcam);
SAMD00011876	DRS014765	H1650 lung adenocarcinoma cell lines;  ChIPseq; anti-H3K36me3 (ab9050 GR106966-1, abcam);		Homo sapiens	9606																																									H1650 lung adenocarcinoma cell lines;  ChIPseq; anti-H3K36me3 (ab9050 GR106966-1, abcam);
SAMD00011696	DRS014766	H1650 lung adenocarcinoma cell lines;  ChIPseq; anti-H3K27me3 (07-449 1999681, Millipore; ab6002 GR77445-10, abcam);		Homo sapiens	9606																																									H1650 lung adenocarcinoma cell lines;  ChIPseq; anti-H3K27me3 (07-449 1999681, Millipore; ab6002 GR77445-10, abcam);
SAMD00011731	DRS014767	H1650 lung adenocarcinoma cell lines;  ChIPseq; anti-H3K27ac (ab4729 GR104852-1, abcam);		Homo sapiens	9606																																									H1650 lung adenocarcinoma cell lines;  ChIPseq; anti-H3K27ac (ab4729 GR104852-1, abcam);
SAMD00011728	DRS014768	H1650 lung adenocarcinoma cell lines;  ChIPseq; whole cell extract DNA;		Homo sapiens	9606																																									H1650 lung adenocarcinoma cell lines;  ChIPseq; whole cell extract DNA;
SAMD00011835	DRS014769	H1703 lung adenocarcinoma cell lines;  ChIPseq; anti-RNA Polymerase II (ab817 GR81285-2, abcam)		Homo sapiens	9606																																									H1703 lung adenocarcinoma cell lines;  ChIPseq; anti-RNA Polymerase II (ab817 GR81285-2, abcam)
SAMD00011695	DRS014770	H1703 lung adenocarcinoma cell lines;  ChIPseq; anti-H3K9me3 (ab8898 GR111948-1, abcam);		Homo sapiens	9606																																									H1703 lung adenocarcinoma cell lines;  ChIPseq; anti-H3K9me3 (ab8898 GR111948-1, abcam);
SAMD00011784	DRS014771	H1703 lung adenocarcinoma cell lines;  ChIPseq; anti-H3K9/14ac (06-599 2153150, Millipore);		Homo sapiens	9606																																									H1703 lung adenocarcinoma cell lines;  ChIPseq; anti-H3K9/14ac (06-599 2153150, Millipore);
SAMD00011697	DRS014772	H1703 lung adenocarcinoma cell lines;  ChIPseq; anti-H3K4me3 (ab1012 GR7751-1/GR80367-1, abcam);		Homo sapiens	9606																																									H1703 lung adenocarcinoma cell lines;  ChIPseq; anti-H3K4me3 (ab1012 GR7751-1/GR80367-1, abcam);
SAMD00011828	DRS014773	H1703 lung adenocarcinoma cell lines;  ChIPseq; anti-H3K4me1 (ab8895 GR114297-1, abcam);		Homo sapiens	9606																																									H1703 lung adenocarcinoma cell lines;  ChIPseq; anti-H3K4me1 (ab8895 GR114297-1, abcam);
SAMD00011781	DRS014774	H1703 lung adenocarcinoma cell lines;  ChIPseq; anti-H3K36me3 (ab9050 GR106966-1, abcam);		Homo sapiens	9606																																									H1703 lung adenocarcinoma cell lines;  ChIPseq; anti-H3K36me3 (ab9050 GR106966-1, abcam);
SAMD00011694	DRS014775	H1703 lung adenocarcinoma cell lines;  ChIPseq; anti-H3K27me3 (07-449 1999681, Millipore; ab6002 GR77445-10, abcam);		Homo sapiens	9606																																									H1703 lung adenocarcinoma cell lines;  ChIPseq; anti-H3K27me3 (07-449 1999681, Millipore; ab6002 GR77445-10, abcam);
SAMD00011895	DRS014776	H1703 lung adenocarcinoma cell lines;  ChIPseq; anti-H3K27ac (ab4729 GR104852-1, abcam);		Homo sapiens	9606																																									H1703 lung adenocarcinoma cell lines;  ChIPseq; anti-H3K27ac (ab4729 GR104852-1, abcam);
SAMD00011769	DRS014777	H1703 lung adenocarcinoma cell lines;  ChIPseq; whole cell extract DNA;		Homo sapiens	9606																																									H1703 lung adenocarcinoma cell lines;  ChIPseq; whole cell extract DNA;
SAMD00011827	DRS014778	H1819 lung adenocarcinoma cell lines;  ChIPseq; anti-RNA Polymerase II (ab817 GR81285-2, abcam)		Homo sapiens	9606																																									H1819 lung adenocarcinoma cell lines;  ChIPseq; anti-RNA Polymerase II (ab817 GR81285-2, abcam)
SAMD00011667	DRS014779	H1819 lung adenocarcinoma cell lines;  ChIPseq; anti-H3K9me3 (ab8898 GR111948-1, abcam);		Homo sapiens	9606																																									H1819 lung adenocarcinoma cell lines;  ChIPseq; anti-H3K9me3 (ab8898 GR111948-1, abcam);
SAMD00011806	DRS014780	H1819 lung adenocarcinoma cell lines;  ChIPseq; anti-H3K9/14ac (06-599 2153150, Millipore);		Homo sapiens	9606																																									H1819 lung adenocarcinoma cell lines;  ChIPseq; anti-H3K9/14ac (06-599 2153150, Millipore);
SAMD00011680	DRS014781	H1819 lung adenocarcinoma cell lines;  ChIPseq; anti-H3K4me3 (ab1012 GR7751-1/GR80367-1, abcam);		Homo sapiens	9606																																									H1819 lung adenocarcinoma cell lines;  ChIPseq; anti-H3K4me3 (ab1012 GR7751-1/GR80367-1, abcam);
SAMD00011742	DRS014782	H1819 lung adenocarcinoma cell lines;  ChIPseq; anti-H3K4me1 (ab8895 GR114297-1, abcam);		Homo sapiens	9606																																									H1819 lung adenocarcinoma cell lines;  ChIPseq; anti-H3K4me1 (ab8895 GR114297-1, abcam);
SAMD00011867	DRS014783	H1819 lung adenocarcinoma cell lines;  ChIPseq; anti-H3K36me3 (ab9050 GR106966-1, abcam);		Homo sapiens	9606																																									H1819 lung adenocarcinoma cell lines;  ChIPseq; anti-H3K36me3 (ab9050 GR106966-1, abcam);
SAMD00011707	DRS014784	H1819 lung adenocarcinoma cell lines;  ChIPseq; anti-H3K27me3 (07-449 1999681, Millipore; ab6002 GR77445-10, abcam);		Homo sapiens	9606																																									H1819 lung adenocarcinoma cell lines;  ChIPseq; anti-H3K27me3 (07-449 1999681, Millipore; ab6002 GR77445-10, abcam);
SAMD00011836	DRS014785	H1819 lung adenocarcinoma cell lines;  ChIPseq; anti-H3K27ac (ab4729 GR104852-1, abcam);		Homo sapiens	9606																																									H1819 lung adenocarcinoma cell lines;  ChIPseq; anti-H3K27ac (ab4729 GR104852-1, abcam);
SAMD00011792	DRS014786	H1819 lung adenocarcinoma cell lines;  ChIPseq; whole cell extract DNA;		Homo sapiens	9606																																									H1819 lung adenocarcinoma cell lines;  ChIPseq; whole cell extract DNA;
SAMD00011773	DRS014787	H1975 lung adenocarcinoma cell lines;  ChIPseq; anti-RNA Polymerase II (ab817 GR81285-2, abcam)		Homo sapiens	9606																																									H1975 lung adenocarcinoma cell lines;  ChIPseq; anti-RNA Polymerase II (ab817 GR81285-2, abcam)
SAMD00011857	DRS014788	H1975 lung adenocarcinoma cell lines;  ChIPseq; anti-H3K9me3 (ab8898 GR111948-1, abcam);		Homo sapiens	9606																																									H1975 lung adenocarcinoma cell lines;  ChIPseq; anti-H3K9me3 (ab8898 GR111948-1, abcam);
SAMD00011838	DRS014789	H1975 lung adenocarcinoma cell lines;  ChIPseq; anti-H3K9/14ac (06-599 2153150, Millipore);		Homo sapiens	9606																																									H1975 lung adenocarcinoma cell lines;  ChIPseq; anti-H3K9/14ac (06-599 2153150, Millipore);
SAMD00011783	DRS014790	H1975 lung adenocarcinoma cell lines;  ChIPseq; anti-H3K4me3 (ab1012 GR7751-1/GR80367-1, abcam);		Homo sapiens	9606																																									H1975 lung adenocarcinoma cell lines;  ChIPseq; anti-H3K4me3 (ab1012 GR7751-1/GR80367-1, abcam);
SAMD00011717	DRS014791	H1975 lung adenocarcinoma cell lines;  ChIPseq; anti-H3K4me1 (ab8895 GR114297-1, abcam);		Homo sapiens	9606																																									H1975 lung adenocarcinoma cell lines;  ChIPseq; anti-H3K4me1 (ab8895 GR114297-1, abcam);
SAMD00011817	DRS014792	H1975 lung adenocarcinoma cell lines;  ChIPseq; anti-H3K36me3 (ab9050 GR106966-1, abcam);		Homo sapiens	9606																																									H1975 lung adenocarcinoma cell lines;  ChIPseq; anti-H3K36me3 (ab9050 GR106966-1, abcam);
SAMD00011853	DRS014793	H1975 lung adenocarcinoma cell lines;  ChIPseq; anti-H3K27me3 (07-449 1999681, Millipore; ab6002 GR77445-10, abcam);		Homo sapiens	9606																																									H1975 lung adenocarcinoma cell lines;  ChIPseq; anti-H3K27me3 (07-449 1999681, Millipore; ab6002 GR77445-10, abcam);
SAMD00011797	DRS014794	H1975 lung adenocarcinoma cell lines;  ChIPseq; anti-H3K27ac (ab4729 GR104852-1, abcam);		Homo sapiens	9606																																									H1975 lung adenocarcinoma cell lines;  ChIPseq; anti-H3K27ac (ab4729 GR104852-1, abcam);
SAMD00011785	DRS014795	H1975 lung adenocarcinoma cell lines;  ChIPseq; whole cell extract DNA;		Homo sapiens	9606																																									H1975 lung adenocarcinoma cell lines;  ChIPseq; whole cell extract DNA;
SAMD00011751	DRS014796	H2126 lung adenocarcinoma cell lines;  ChIPseq; anti-RNA Polymerase II (ab817 GR81285-2, abcam)		Homo sapiens	9606																																									H2126 lung adenocarcinoma cell lines;  ChIPseq; anti-RNA Polymerase II (ab817 GR81285-2, abcam)
SAMD00011727	DRS014797	H2126 lung adenocarcinoma cell lines;  ChIPseq; anti-H3K9me3 (ab8898 GR111948-1, abcam);		Homo sapiens	9606																																									H2126 lung adenocarcinoma cell lines;  ChIPseq; anti-H3K9me3 (ab8898 GR111948-1, abcam);
SAMD00011866	DRS014798	H2126 lung adenocarcinoma cell lines;  ChIPseq; anti-H3K9/14ac (06-599 2153150, Millipore);		Homo sapiens	9606																																									H2126 lung adenocarcinoma cell lines;  ChIPseq; anti-H3K9/14ac (06-599 2153150, Millipore);
SAMD00011721	DRS014799	H2126 lung adenocarcinoma cell lines;  ChIPseq; anti-H3K4me3 (ab1012 GR7751-1/GR80367-1, abcam);		Homo sapiens	9606																																									H2126 lung adenocarcinoma cell lines;  ChIPseq; anti-H3K4me3 (ab1012 GR7751-1/GR80367-1, abcam);
SAMD00011749	DRS014800	H2126 lung adenocarcinoma cell lines;  ChIPseq; anti-H3K4me1 (ab8895 GR114297-1, abcam);		Homo sapiens	9606																																									H2126 lung adenocarcinoma cell lines;  ChIPseq; anti-H3K4me1 (ab8895 GR114297-1, abcam);
SAMD00011722	DRS014801	H2126 lung adenocarcinoma cell lines;  ChIPseq; anti-H3K36me3 (ab9050 GR106966-1, abcam);		Homo sapiens	9606																																									H2126 lung adenocarcinoma cell lines;  ChIPseq; anti-H3K36me3 (ab9050 GR106966-1, abcam);
SAMD00011744	DRS014802	H2126 lung adenocarcinoma cell lines;  ChIPseq; anti-H3K27me3 (07-449 1999681, Millipore; ab6002 GR77445-10, abcam);		Homo sapiens	9606																																									H2126 lung adenocarcinoma cell lines;  ChIPseq; anti-H3K27me3 (07-449 1999681, Millipore; ab6002 GR77445-10, abcam);
SAMD00011704	DRS014803	H2126 lung adenocarcinoma cell lines;  ChIPseq; anti-H3K27ac (ab4729 GR104852-1, abcam);		Homo sapiens	9606																																									H2126 lung adenocarcinoma cell lines;  ChIPseq; anti-H3K27ac (ab4729 GR104852-1, abcam);
SAMD00011818	DRS014804	H2126 lung adenocarcinoma cell lines;  ChIPseq; whole cell extract DNA;		Homo sapiens	9606																																									H2126 lung adenocarcinoma cell lines;  ChIPseq; whole cell extract DNA;
SAMD00011753	DRS014805	H2228 lung adenocarcinoma cell lines;  ChIPseq; anti-RNA Polymerase II (ab817 GR81285-2, abcam)		Homo sapiens	9606																																									H2228 lung adenocarcinoma cell lines;  ChIPseq; anti-RNA Polymerase II (ab817 GR81285-2, abcam)
SAMD00011709	DRS014806	H2228 lung adenocarcinoma cell lines;  ChIPseq; anti-H3K9me3 (ab8898 GR111948-1, abcam);		Homo sapiens	9606																																									H2228 lung adenocarcinoma cell lines;  ChIPseq; anti-H3K9me3 (ab8898 GR111948-1, abcam);
SAMD00011712	DRS014807	H2228 lung adenocarcinoma cell lines;  ChIPseq; anti-H3K9/14ac (06-599 2153150, Millipore);		Homo sapiens	9606																																									H2228 lung adenocarcinoma cell lines;  ChIPseq; anti-H3K9/14ac (06-599 2153150, Millipore);
SAMD00011674	DRS014808	H2228 lung adenocarcinoma cell lines;  ChIPseq; anti-H3K4me3 (ab1012 GR7751-1/GR80367-1, abcam);		Homo sapiens	9606																																									H2228 lung adenocarcinoma cell lines;  ChIPseq; anti-H3K4me3 (ab1012 GR7751-1/GR80367-1, abcam);
SAMD00011790	DRS014809	H2228 lung adenocarcinoma cell lines;  ChIPseq; anti-H3K4me1 (ab8895 GR114297-1, abcam);		Homo sapiens	9606																																									H2228 lung adenocarcinoma cell lines;  ChIPseq; anti-H3K4me1 (ab8895 GR114297-1, abcam);
SAMD00011814	DRS014810	H2228 lung adenocarcinoma cell lines;  ChIPseq; anti-H3K36me3 (ab9050 GR106966-1, abcam);		Homo sapiens	9606																																									H2228 lung adenocarcinoma cell lines;  ChIPseq; anti-H3K36me3 (ab9050 GR106966-1, abcam);
SAMD00011761	DRS014811	H2228 lung adenocarcinoma cell lines;  ChIPseq; anti-H3K27me3 (07-449 1999681, Millipore; ab6002 GR77445-10, abcam);		Homo sapiens	9606																																									H2228 lung adenocarcinoma cell lines;  ChIPseq; anti-H3K27me3 (07-449 1999681, Millipore; ab6002 GR77445-10, abcam);
SAMD00011675	DRS014812	H2228 lung adenocarcinoma cell lines;  ChIPseq; anti-H3K27ac (ab4729 GR104852-1, abcam);		Homo sapiens	9606																																									H2228 lung adenocarcinoma cell lines;  ChIPseq; anti-H3K27ac (ab4729 GR104852-1, abcam);
SAMD00011679	DRS014813	H2228 lung adenocarcinoma cell lines;  ChIPseq; whole cell extract DNA;		Homo sapiens	9606																																									H2228 lung adenocarcinoma cell lines;  ChIPseq; whole cell extract DNA;
SAMD00011710	DRS014814	H2347 lung adenocarcinoma cell lines;  ChIPseq; anti-RNA Polymerase II (ab817 GR81285-2, abcam)		Homo sapiens	9606																																									H2347 lung adenocarcinoma cell lines;  ChIPseq; anti-RNA Polymerase II (ab817 GR81285-2, abcam)
SAMD00011752	DRS014815	H2347 lung adenocarcinoma cell lines;  ChIPseq; anti-H3K9me3 (ab8898 GR111948-1, abcam);		Homo sapiens	9606																																									H2347 lung adenocarcinoma cell lines;  ChIPseq; anti-H3K9me3 (ab8898 GR111948-1, abcam);
SAMD00011711	DRS014816	H2347 lung adenocarcinoma cell lines;  ChIPseq; anti-H3K9/14ac (06-599 2153150, Millipore);		Homo sapiens	9606																																									H2347 lung adenocarcinoma cell lines;  ChIPseq; anti-H3K9/14ac (06-599 2153150, Millipore);
SAMD00011702	DRS014817	H2347 lung adenocarcinoma cell lines;  ChIPseq; anti-H3K4me3 (ab1012 GR7751-1/GR80367-1, abcam);		Homo sapiens	9606																																									H2347 lung adenocarcinoma cell lines;  ChIPseq; anti-H3K4me3 (ab1012 GR7751-1/GR80367-1, abcam);
SAMD00011789	DRS014818	H2347 lung adenocarcinoma cell lines;  ChIPseq; anti-H3K4me1 (ab8895 GR114297-1, abcam);		Homo sapiens	9606																																									H2347 lung adenocarcinoma cell lines;  ChIPseq; anti-H3K4me1 (ab8895 GR114297-1, abcam);
SAMD00011776	DRS014819	H2347 lung adenocarcinoma cell lines;  ChIPseq; anti-H3K36me3 (ab9050 GR106966-1, abcam);		Homo sapiens	9606																																									H2347 lung adenocarcinoma cell lines;  ChIPseq; anti-H3K36me3 (ab9050 GR106966-1, abcam);
SAMD00011762	DRS014820	H2347 lung adenocarcinoma cell lines;  ChIPseq; anti-H3K27me3 (07-449 1999681, Millipore; ab6002 GR77445-10, abcam);		Homo sapiens	9606																																									H2347 lung adenocarcinoma cell lines;  ChIPseq; anti-H3K27me3 (07-449 1999681, Millipore; ab6002 GR77445-10, abcam);
SAMD00011698	DRS014821	H2347 lung adenocarcinoma cell lines;  ChIPseq; anti-H3K27ac (ab4729 GR104852-1, abcam);		Homo sapiens	9606																																									H2347 lung adenocarcinoma cell lines;  ChIPseq; anti-H3K27ac (ab4729 GR104852-1, abcam);
SAMD00011834	DRS014822	H2347 lung adenocarcinoma cell lines;  ChIPseq; whole cell extract DNA;		Homo sapiens	9606																																									H2347 lung adenocarcinoma cell lines;  ChIPseq; whole cell extract DNA;
SAMD00011878	DRS014823	H322 lung adenocarcinoma cell lines;  ChIPseq; anti-RNA Polymerase II (ab817 GR81285-2, abcam)		Homo sapiens	9606																																									H322 lung adenocarcinoma cell lines;  ChIPseq; anti-RNA Polymerase II (ab817 GR81285-2, abcam)
SAMD00011735	DRS014824	H322 lung adenocarcinoma cell lines;  ChIPseq; anti-H3K9me3 (ab8898 GR111948-1, abcam);		Homo sapiens	9606																																									H322 lung adenocarcinoma cell lines;  ChIPseq; anti-H3K9me3 (ab8898 GR111948-1, abcam);
SAMD00011672	DRS014825	H322 lung adenocarcinoma cell lines;  ChIPseq; anti-H3K9/14ac (06-599 2153150, Millipore);		Homo sapiens	9606																																									H322 lung adenocarcinoma cell lines;  ChIPseq; anti-H3K9/14ac (06-599 2153150, Millipore);
SAMD00011791	DRS014826	H322 lung adenocarcinoma cell lines;  ChIPseq; anti-H3K4me3 (ab1012 GR7751-1/GR80367-1, abcam);		Homo sapiens	9606																																									H322 lung adenocarcinoma cell lines;  ChIPseq; anti-H3K4me3 (ab1012 GR7751-1/GR80367-1, abcam);
SAMD00011682	DRS014827	H322 lung adenocarcinoma cell lines;  ChIPseq; anti-H3K4me1 (ab8895 GR114297-1, abcam);		Homo sapiens	9606																																									H322 lung adenocarcinoma cell lines;  ChIPseq; anti-H3K4me1 (ab8895 GR114297-1, abcam);
SAMD00011714	DRS014828	H322 lung adenocarcinoma cell lines;  ChIPseq; anti-H3K36me3 (ab9050 GR106966-1, abcam);		Homo sapiens	9606																																									H322 lung adenocarcinoma cell lines;  ChIPseq; anti-H3K36me3 (ab9050 GR106966-1, abcam);
SAMD00011754	DRS014829	H322 lung adenocarcinoma cell lines;  ChIPseq; anti-H3K27me3 (07-449 1999681, Millipore; ab6002 GR77445-10, abcam);		Homo sapiens	9606																																									H322 lung adenocarcinoma cell lines;  ChIPseq; anti-H3K27me3 (07-449 1999681, Millipore; ab6002 GR77445-10, abcam);
SAMD00011669	DRS014830	H322 lung adenocarcinoma cell lines;  ChIPseq; anti-H3K27ac (ab4729 GR104852-1, abcam);		Homo sapiens	9606																																									H322 lung adenocarcinoma cell lines;  ChIPseq; anti-H3K27ac (ab4729 GR104852-1, abcam);
SAMD00011795	DRS014831	H322 lung adenocarcinoma cell lines;  ChIPseq; whole cell extract DNA;		Homo sapiens	9606																																									H322 lung adenocarcinoma cell lines;  ChIPseq; whole cell extract DNA;
SAMD00011840	DRS014832	II-18 lung adenocarcinoma cell lines;  ChIPseq; anti-RNA Polymerase II (ab817 GR81285-2, abcam)		Homo sapiens	9606																																									II-18 lung adenocarcinoma cell lines;  ChIPseq; anti-RNA Polymerase II (ab817 GR81285-2, abcam)
SAMD00011825	DRS014833	II-18 lung adenocarcinoma cell lines;  ChIPseq; anti-H3K9me3 (ab8898 GR111948-1, abcam);		Homo sapiens	9606																																									II-18 lung adenocarcinoma cell lines;  ChIPseq; anti-H3K9me3 (ab8898 GR111948-1, abcam);
SAMD00011887	DRS014834	II-18 lung adenocarcinoma cell lines;  ChIPseq; anti-H3K9/14ac (06-599 2153150, Millipore);		Homo sapiens	9606																																									II-18 lung adenocarcinoma cell lines;  ChIPseq; anti-H3K9/14ac (06-599 2153150, Millipore);
SAMD00011673	DRS014835	II-18 lung adenocarcinoma cell lines;  ChIPseq; anti-H3K4me3 (ab1012 GR7751-1/GR80367-1, abcam);		Homo sapiens	9606																																									II-18 lung adenocarcinoma cell lines;  ChIPseq; anti-H3K4me3 (ab1012 GR7751-1/GR80367-1, abcam);
SAMD00011815	DRS014836	II-18 lung adenocarcinoma cell lines;  ChIPseq; anti-H3K4me1 (ab8895 GR114297-1, abcam);		Homo sapiens	9606																																									II-18 lung adenocarcinoma cell lines;  ChIPseq; anti-H3K4me1 (ab8895 GR114297-1, abcam);
SAMD00011793	DRS014837	II-18 lung adenocarcinoma cell lines;  ChIPseq; anti-H3K36me3 (ab9050 GR106966-1, abcam);		Homo sapiens	9606																																									II-18 lung adenocarcinoma cell lines;  ChIPseq; anti-H3K36me3 (ab9050 GR106966-1, abcam);
SAMD00011854	DRS014838	II-18 lung adenocarcinoma cell lines;  ChIPseq; anti-H3K27me3 (07-449 1999681, Millipore; ab6002 GR77445-10, abcam);		Homo sapiens	9606																																									II-18 lung adenocarcinoma cell lines;  ChIPseq; anti-H3K27me3 (07-449 1999681, Millipore; ab6002 GR77445-10, abcam);
SAMD00011847	DRS014839	II-18 lung adenocarcinoma cell lines;  ChIPseq; anti-H3K27ac (ab4729 GR104852-1, abcam);		Homo sapiens	9606																																									II-18 lung adenocarcinoma cell lines;  ChIPseq; anti-H3K27ac (ab4729 GR104852-1, abcam);
SAMD00011771	DRS014840	II-18 lung adenocarcinoma cell lines;  ChIPseq; whole cell extract DNA;		Homo sapiens	9606																																									II-18 lung adenocarcinoma cell lines;  ChIPseq; whole cell extract DNA;
SAMD00011716	DRS014841	LC2/ad lung adenocarcinoma cell lines;  ChIPseq; anti-RNA Polymerase II (ab817 GR81285-2, abcam);		Homo sapiens	9606																																									LC2/ad lung adenocarcinoma cell lines;  ChIPseq; anti-RNA Polymerase II (ab817 GR81285-2, abcam);
SAMD00011684	DRS014842	LC2/ad lung adenocarcinoma cell lines;  ChIPseq; anti-H3K9me3 (ab8898 GR111948-1, abcam);		Homo sapiens	9606																																									LC2/ad lung adenocarcinoma cell lines;  ChIPseq; anti-H3K9me3 (ab8898 GR111948-1, abcam);
SAMD00011812	DRS014843	LC2/ad lung adenocarcinoma cell lines;  ChIPseq; anti-H3K9/14ac (06-599 2153150, Millipore);		Homo sapiens	9606																																									LC2/ad lung adenocarcinoma cell lines;  ChIPseq; anti-H3K9/14ac (06-599 2153150, Millipore);
SAMD00011715	DRS014844	LC2/ad lung adenocarcinoma cell lines;  ChIPseq; anti-H3K4me3 (ab1012 GR7751-1/GR80367-1, abcam);		Homo sapiens	9606																																									LC2/ad lung adenocarcinoma cell lines;  ChIPseq; anti-H3K4me3 (ab1012 GR7751-1/GR80367-1, abcam);
SAMD00011683	DRS014845	LC2/ad lung adenocarcinoma cell lines;  ChIPseq; anti-H3K4me1 (ab8895 GR114297-1, abcam);		Homo sapiens	9606																																									LC2/ad lung adenocarcinoma cell lines;  ChIPseq; anti-H3K4me1 (ab8895 GR114297-1, abcam);
SAMD00011747	DRS014846	LC2/ad lung adenocarcinoma cell lines;  ChIPseq; anti-H3K36me3 (ab9050 GR106966-1, abcam);		Homo sapiens	9606																																									LC2/ad lung adenocarcinoma cell lines;  ChIPseq; anti-H3K36me3 (ab9050 GR106966-1, abcam);
SAMD00011859	DRS014847	LC2/ad lung adenocarcinoma cell lines;  ChIPseq; anti-H3K27me3 (07-449 1999681, Millipore; ab6002 GR77445-10, abcam);		Homo sapiens	9606																																									LC2/ad lung adenocarcinoma cell lines;  ChIPseq; anti-H3K27me3 (07-449 1999681, Millipore; ab6002 GR77445-10, abcam);
SAMD00011820	DRS014848	LC2/ad lung adenocarcinoma cell lines;  ChIPseq; anti-H3K27ac (ab4729 GR104852-1, abcam);		Homo sapiens	9606																																									LC2/ad lung adenocarcinoma cell lines;  ChIPseq; anti-H3K27ac (ab4729 GR104852-1, abcam);
SAMD00011826	DRS014849	LC2/ad lung adenocarcinoma cell lines;  ChIPseq; whole cell extract DNA;		Homo sapiens	9606																																									LC2/ad lung adenocarcinoma cell lines;  ChIPseq; whole cell extract DNA;
SAMD00011809	DRS014850	PC-14 lung adenocarcinoma cell lines;  ChIPseq; anti-RNA Polymerase II (ab817 GR81285-2, abcam);		Homo sapiens	9606																																									PC-14 lung adenocarcinoma cell lines;  ChIPseq; anti-RNA Polymerase II (ab817 GR81285-2, abcam);
SAMD00011665	DRS014851	PC-14 lung adenocarcinoma cell lines;  ChIPseq; anti-H3K9me3 (ab8898 GR111948-1, abcam);		Homo sapiens	9606																																									PC-14 lung adenocarcinoma cell lines;  ChIPseq; anti-H3K9me3 (ab8898 GR111948-1, abcam);
SAMD00011663	DRS014852	PC-14 lung adenocarcinoma cell lines;  ChIPseq; anti-H3K9/14ac (06-599 2153150, Millipore);		Homo sapiens	9606																																									PC-14 lung adenocarcinoma cell lines;  ChIPseq; anti-H3K9/14ac (06-599 2153150, Millipore);
SAMD00011740	DRS014853	PC-14 lung adenocarcinoma cell lines;  ChIPseq; anti-H3K4me3 (ab1012 GR7751-1/GR80367-1, abcam);		Homo sapiens	9606																																									PC-14 lung adenocarcinoma cell lines;  ChIPseq; anti-H3K4me3 (ab1012 GR7751-1/GR80367-1, abcam);
SAMD00011883	DRS014854	PC-14 lung adenocarcinoma cell lines;  ChIPseq; anti-H3K4me1 (ab8895 GR114297-1, abcam);		Homo sapiens	9606																																									PC-14 lung adenocarcinoma cell lines;  ChIPseq; anti-H3K4me1 (ab8895 GR114297-1, abcam);
SAMD00011845	DRS014855	PC-14 lung adenocarcinoma cell lines;  ChIPseq; anti-H3K36me3 (ab9050 GR106966-1, abcam);		Homo sapiens	9606																																									PC-14 lung adenocarcinoma cell lines;  ChIPseq; anti-H3K36me3 (ab9050 GR106966-1, abcam);
SAMD00011865	DRS014856	PC-14 lung adenocarcinoma cell lines;  ChIPseq; anti-H3K27me3 (07-449 1999681, Millipore; ab6002 GR77445-10, abcam);		Homo sapiens	9606																																									PC-14 lung adenocarcinoma cell lines;  ChIPseq; anti-H3K27me3 (07-449 1999681, Millipore; ab6002 GR77445-10, abcam);
SAMD00011734	DRS014857	PC-14 lung adenocarcinoma cell lines;  ChIPseq; anti-H3K27ac (ab4729 GR104852-1, abcam);		Homo sapiens	9606																																									PC-14 lung adenocarcinoma cell lines;  ChIPseq; anti-H3K27ac (ab4729 GR104852-1, abcam);
SAMD00011868	DRS014858	PC-14 lung adenocarcinoma cell lines;  ChIPseq; whole cell extract DNA;		Homo sapiens	9606																																									PC-14 lung adenocarcinoma cell lines;  ChIPseq; whole cell extract DNA;
SAMD00011685	DRS014859	PC-3 lung adenocarcinoma cell lines;  ChIPseq; anti-RNA Polymerase II (ab817 GR81285-2, abcam);		Homo sapiens	9606																																									PC-3 lung adenocarcinoma cell lines;  ChIPseq; anti-RNA Polymerase II (ab817 GR81285-2, abcam);
SAMD00011746	DRS014860	PC-3 lung adenocarcinoma cell lines;  ChIPseq; anti-H3K9me3 (ab8898 GR111948-1, abcam);		Homo sapiens	9606																																									PC-3 lung adenocarcinoma cell lines;  ChIPseq; anti-H3K9me3 (ab8898 GR111948-1, abcam);
SAMD00011723	DRS014861	PC-3 lung adenocarcinoma cell lines;  ChIPseq; anti-H3K9/14ac (06-599 2153150, Millipore);		Homo sapiens	9606																																									PC-3 lung adenocarcinoma cell lines;  ChIPseq; anti-H3K9/14ac (06-599 2153150, Millipore);
SAMD00011700	DRS014862	PC-3 lung adenocarcinoma cell lines;  ChIPseq; anti-H3K4me3 (ab1012 GR7751-1/GR80367-1, abcam);		Homo sapiens	9606																																									PC-3 lung adenocarcinoma cell lines;  ChIPseq; anti-H3K4me3 (ab1012 GR7751-1/GR80367-1, abcam);
SAMD00011822	DRS014863	PC-3 lung adenocarcinoma cell lines;  ChIPseq; anti-H3K4me1 (ab8895 GR114297-1, abcam);		Homo sapiens	9606																																									PC-3 lung adenocarcinoma cell lines;  ChIPseq; anti-H3K4me1 (ab8895 GR114297-1, abcam);
SAMD00011770	DRS014864	PC-3 lung adenocarcinoma cell lines;  ChIPseq; anti-H3K36me3 (ab9050 GR106966-1, abcam);		Homo sapiens	9606																																									PC-3 lung adenocarcinoma cell lines;  ChIPseq; anti-H3K36me3 (ab9050 GR106966-1, abcam);
SAMD00011886	DRS014865	PC-3 lung adenocarcinoma cell lines;  ChIPseq; anti-H3K27me3 (07-449 1999681, Millipore; ab6002 GR77445-10, abcam);		Homo sapiens	9606																																									PC-3 lung adenocarcinoma cell lines;  ChIPseq; anti-H3K27me3 (07-449 1999681, Millipore; ab6002 GR77445-10, abcam);
SAMD00011688	DRS014866	PC-3 lung adenocarcinoma cell lines;  ChIPseq; anti-H3K27ac (ab4729 GR104852-1, abcam);		Homo sapiens	9606																																									PC-3 lung adenocarcinoma cell lines;  ChIPseq; anti-H3K27ac (ab4729 GR104852-1, abcam);
SAMD00011885	DRS014867	PC-3 lung adenocarcinoma cell lines;  ChIPseq; whole cell extract DNA;		Homo sapiens	9606																																									PC-3 lung adenocarcinoma cell lines;  ChIPseq; whole cell extract DNA;
SAMD00011768	DRS014868	PC-7 lung adenocarcinoma cell lines;  ChIPseq; anti-RNA Polymerase II (ab817 GR81285-2, abcam);		Homo sapiens	9606																																									PC-7 lung adenocarcinoma cell lines;  ChIPseq; anti-RNA Polymerase II (ab817 GR81285-2, abcam);
SAMD00011687	DRS014869	PC-7 lung adenocarcinoma cell lines;  ChIPseq; anti-H3K9me3 (ab8898 GR111948-1, abcam);		Homo sapiens	9606																																									PC-7 lung adenocarcinoma cell lines;  ChIPseq; anti-H3K9me3 (ab8898 GR111948-1, abcam);
SAMD00011748	DRS014870	PC-7 lung adenocarcinoma cell lines;  ChIPseq; anti-H3K9/14ac (06-599 2153150, Millipore);		Homo sapiens	9606																																									PC-7 lung adenocarcinoma cell lines;  ChIPseq; anti-H3K9/14ac (06-599 2153150, Millipore);
SAMD00011799	DRS014871	PC-7 lung adenocarcinoma cell lines;  ChIPseq; anti-H3K4me3 (ab1012 GR7751-1/GR80367-1, abcam);		Homo sapiens	9606																																									PC-7 lung adenocarcinoma cell lines;  ChIPseq; anti-H3K4me3 (ab1012 GR7751-1/GR80367-1, abcam);
SAMD00011837	DRS014872	PC-7 lung adenocarcinoma cell lines;  ChIPseq; anti-H3K4me1 (ab8895 GR114297-1, abcam);		Homo sapiens	9606																																									PC-7 lung adenocarcinoma cell lines;  ChIPseq; anti-H3K4me1 (ab8895 GR114297-1, abcam);
SAMD00011671	DRS014873	PC-7 lung adenocarcinoma cell lines;  ChIPseq; anti-H3K36me3 (ab9050 GR106966-1, abcam);		Homo sapiens	9606																																									PC-7 lung adenocarcinoma cell lines;  ChIPseq; anti-H3K36me3 (ab9050 GR106966-1, abcam);
SAMD00011689	DRS014874	PC-7 lung adenocarcinoma cell lines;  ChIPseq; anti-H3K27me3 (07-449 1999681, Millipore; ab6002 GR77445-10, abcam);		Homo sapiens	9606																																									PC-7 lung adenocarcinoma cell lines;  ChIPseq; anti-H3K27me3 (07-449 1999681, Millipore; ab6002 GR77445-10, abcam);
SAMD00011851	DRS014875	PC-7 lung adenocarcinoma cell lines;  ChIPseq; anti-H3K27ac (ab4729 GR104852-1, abcam);		Homo sapiens	9606																																									PC-7 lung adenocarcinoma cell lines;  ChIPseq; anti-H3K27ac (ab4729 GR104852-1, abcam);
SAMD00011693	DRS014876	PC-7 lung adenocarcinoma cell lines;  ChIPseq; whole cell extract DNA;		Homo sapiens	9606																																									PC-7 lung adenocarcinoma cell lines;  ChIPseq; whole cell extract DNA;
SAMD00011821	DRS014877	PC-9 lung adenocarcinoma cell lines;  ChIPseq; anti-RNA Polymerase II (ab817 GR81285-2, abcam);		Homo sapiens	9606																																									PC-9 lung adenocarcinoma cell lines;  ChIPseq; anti-RNA Polymerase II (ab817 GR81285-2, abcam);
SAMD00011839	DRS014878	PC-9 lung adenocarcinoma cell lines;  ChIPseq; anti-H3K9me3 (ab8898 GR111948-1, abcam);		Homo sapiens	9606																																									PC-9 lung adenocarcinoma cell lines;  ChIPseq; anti-H3K9me3 (ab8898 GR111948-1, abcam);
SAMD00011810	DRS014879	PC-9 lung adenocarcinoma cell lines;  ChIPseq; anti-H3K9/14ac (06-599 2153150, Millipore);		Homo sapiens	9606																																									PC-9 lung adenocarcinoma cell lines;  ChIPseq; anti-H3K9/14ac (06-599 2153150, Millipore);
SAMD00011774	DRS014880	PC-9 lung adenocarcinoma cell lines;  ChIPseq; anti-H3K4me3 (ab1012 GR7751-1/GR80367-1, abcam);		Homo sapiens	9606																																									PC-9 lung adenocarcinoma cell lines;  ChIPseq; anti-H3K4me3 (ab1012 GR7751-1/GR80367-1, abcam);
SAMD00011824	DRS014881	PC-9 lung adenocarcinoma cell lines;  ChIPseq; anti-H3K4me1 (ab8895 GR114297-1, abcam);		Homo sapiens	9606																																									PC-9 lung adenocarcinoma cell lines;  ChIPseq; anti-H3K4me1 (ab8895 GR114297-1, abcam);
SAMD00011811	DRS014882	PC-9 lung adenocarcinoma cell lines;  ChIPseq; anti-H3K36me3 (ab9050 GR106966-1, abcam);		Homo sapiens	9606																																									PC-9 lung adenocarcinoma cell lines;  ChIPseq; anti-H3K36me3 (ab9050 GR106966-1, abcam);
SAMD00011664	DRS014883	PC-9 lung adenocarcinoma cell lines;  ChIPseq; anti-H3K27me3 (07-449 1999681, Millipore; ab6002 GR77445-10, abcam);		Homo sapiens	9606																																									PC-9 lung adenocarcinoma cell lines;  ChIPseq; anti-H3K27me3 (07-449 1999681, Millipore; ab6002 GR77445-10, abcam);
SAMD00011846	DRS014884	PC-9 lung adenocarcinoma cell lines;  ChIPseq; anti-H3K27ac (ab4729 GR104852-1, abcam);		Homo sapiens	9606																																									PC-9 lung adenocarcinoma cell lines;  ChIPseq; anti-H3K27ac (ab4729 GR104852-1, abcam);
SAMD00011829	DRS014885	PC-9 lung adenocarcinoma cell lines;  ChIPseq; whole cell extract DNA;		Homo sapiens	9606																																									PC-9 lung adenocarcinoma cell lines;  ChIPseq; whole cell extract DNA;
SAMD00011873	DRS014886	RERF-LC-Ad1 lung adenocarcinoma cell lines;  ChIPseq; anti-RNA Polymerase II (ab817 GR81285-2, abcam);		Homo sapiens	9606																																									RERF-LC-Ad1 lung adenocarcinoma cell lines;  ChIPseq; anti-RNA Polymerase II (ab817 GR81285-2, abcam);
SAMD00011750	DRS014887	RERF-LC-Ad1 lung adenocarcinoma cell lines;  ChIPseq; anti-H3K9me3 (ab8898 GR111948-1, abcam);		Homo sapiens	9606																																									RERF-LC-Ad1 lung adenocarcinoma cell lines;  ChIPseq; anti-H3K9me3 (ab8898 GR111948-1, abcam);
SAMD00011860	DRS014888	RERF-LC-Ad1 lung adenocarcinoma cell lines;  ChIPseq; anti-H3K9/14ac (06-599 2153150, Millipore);		Homo sapiens	9606																																									RERF-LC-Ad1 lung adenocarcinoma cell lines;  ChIPseq; anti-H3K9/14ac (06-599 2153150, Millipore);
SAMD00011893	DRS014889	RERF-LC-Ad1 lung adenocarcinoma cell lines;  ChIPseq; anti-H3K4me3 (ab1012 GR7751-1/GR80367-1, abcam);		Homo sapiens	9606																																									RERF-LC-Ad1 lung adenocarcinoma cell lines;  ChIPseq; anti-H3K4me3 (ab1012 GR7751-1/GR80367-1, abcam);
SAMD00011718	DRS014890	RERF-LC-Ad1 lung adenocarcinoma cell lines;  ChIPseq; anti-H3K4me1 (ab8895 GR114297-1, abcam);		Homo sapiens	9606																																									RERF-LC-Ad1 lung adenocarcinoma cell lines;  ChIPseq; anti-H3K4me1 (ab8895 GR114297-1, abcam);
SAMD00011741	DRS014891	RERF-LC-Ad1 lung adenocarcinoma cell lines;  ChIPseq; anti-H3K36me3 (ab9050 GR106966-1, abcam);		Homo sapiens	9606																																									RERF-LC-Ad1 lung adenocarcinoma cell lines;  ChIPseq; anti-H3K36me3 (ab9050 GR106966-1, abcam);
SAMD00011888	DRS014892	RERF-LC-Ad1 lung adenocarcinoma cell lines;  ChIPseq; anti-H3K27me3 (07-449 1999681, Millipore; ab6002 GR77445-10, abcam);		Homo sapiens	9606																																									RERF-LC-Ad1 lung adenocarcinoma cell lines;  ChIPseq; anti-H3K27me3 (07-449 1999681, Millipore; ab6002 GR77445-10, abcam);
SAMD00011798	DRS014893	RERF-LC-Ad1 lung adenocarcinoma cell lines;  ChIPseq; anti-H3K27ac (ab4729 GR104852-1, abcam);		Homo sapiens	9606																																									RERF-LC-Ad1 lung adenocarcinoma cell lines;  ChIPseq; anti-H3K27ac (ab4729 GR104852-1, abcam);
SAMD00011863	DRS014894	RERF-LC-Ad1 lung adenocarcinoma cell lines;  ChIPseq; whole cell extract DNA;		Homo sapiens	9606																																									RERF-LC-Ad1 lung adenocarcinoma cell lines;  ChIPseq; whole cell extract DNA;
SAMD00011802	DRS014895	RERF-LC-Ad2 lung adenocarcinoma cell lines;  ChIPseq; anti-RNA Polymerase II (ab817 GR81285-2, abcam);		Homo sapiens	9606																																									RERF-LC-Ad2 lung adenocarcinoma cell lines;  ChIPseq; anti-RNA Polymerase II (ab817 GR81285-2, abcam);
SAMD00011738	DRS014896	RERF-LC-Ad2 lung adenocarcinoma cell lines;  ChIPseq; anti-H3K9me3 (ab8898 GR111948-1, abcam);		Homo sapiens	9606																																									RERF-LC-Ad2 lung adenocarcinoma cell lines;  ChIPseq; anti-H3K9me3 (ab8898 GR111948-1, abcam);
SAMD00011708	DRS014897	RERF-LC-Ad2 lung adenocarcinoma cell lines;  ChIPseq; anti-H3K9/14ac (06-599 2153150, Millipore);		Homo sapiens	9606																																									RERF-LC-Ad2 lung adenocarcinoma cell lines;  ChIPseq; anti-H3K9/14ac (06-599 2153150, Millipore);
SAMD00011777	DRS014898	RERF-LC-Ad2 lung adenocarcinoma cell lines;  ChIPseq; anti-H3K4me3 (ab1012 GR7751-1/GR80367-1, abcam);		Homo sapiens	9606																																									RERF-LC-Ad2 lung adenocarcinoma cell lines;  ChIPseq; anti-H3K4me3 (ab1012 GR7751-1/GR80367-1, abcam);
SAMD00011686	DRS014899	RERF-LC-Ad2 lung adenocarcinoma cell lines;  ChIPseq; anti-H3K4me1 (ab8895 GR114297-1, abcam);		Homo sapiens	9606																																									RERF-LC-Ad2 lung adenocarcinoma cell lines;  ChIPseq; anti-H3K4me1 (ab8895 GR114297-1, abcam);
SAMD00011832	DRS014900	RERF-LC-Ad2 lung adenocarcinoma cell lines;  ChIPseq; anti-H3K36me3 (ab9050 GR106966-1, abcam);		Homo sapiens	9606																																									RERF-LC-Ad2 lung adenocarcinoma cell lines;  ChIPseq; anti-H3K36me3 (ab9050 GR106966-1, abcam);
SAMD00011772	DRS014901	RERF-LC-Ad2 lung adenocarcinoma cell lines;  ChIPseq; anti-H3K27me3 (07-449 1999681, Millipore; ab6002 GR77445-10, abcam);		Homo sapiens	9606																																									RERF-LC-Ad2 lung adenocarcinoma cell lines;  ChIPseq; anti-H3K27me3 (07-449 1999681, Millipore; ab6002 GR77445-10, abcam);
SAMD00011844	DRS014902	RERF-LC-Ad2 lung adenocarcinoma cell lines;  ChIPseq; anti-H3K27ac (ab4729 GR104852-1, abcam);		Homo sapiens	9606																																									RERF-LC-Ad2 lung adenocarcinoma cell lines;  ChIPseq; anti-H3K27ac (ab4729 GR104852-1, abcam);
SAMD00011861	DRS014903	RERF-LC-Ad2 lung adenocarcinoma cell lines;  ChIPseq; whole cell extract DNA;		Homo sapiens	9606																																									RERF-LC-Ad2 lung adenocarcinoma cell lines;  ChIPseq; whole cell extract DNA;
SAMD00011733	DRS014904	RERF-LC-KJ lung adenocarcinoma cell lines;  ChIPseq; anti-RNA Polymerase II (ab817 GR81285-2, abcam);		Homo sapiens	9606																																									RERF-LC-KJ lung adenocarcinoma cell lines;  ChIPseq; anti-RNA Polymerase II (ab817 GR81285-2, abcam);
SAMD00011852	DRS014905	RERF-LC-KJ lung adenocarcinoma cell lines;  ChIPseq; anti-H3K9me3 (ab8898 GR111948-1, abcam);		Homo sapiens	9606																																									RERF-LC-KJ lung adenocarcinoma cell lines;  ChIPseq; anti-H3K9me3 (ab8898 GR111948-1, abcam);
SAMD00011882	DRS014906	RERF-LC-KJ lung adenocarcinoma cell lines;  ChIPseq; anti-H3K9/14ac (06-599 2153150, Millipore);		Homo sapiens	9606																																									RERF-LC-KJ lung adenocarcinoma cell lines;  ChIPseq; anti-H3K9/14ac (06-599 2153150, Millipore);
SAMD00011677	DRS014907	RERF-LC-KJ lung adenocarcinoma cell lines;  ChIPseq; anti-H3K4me3 (ab1012 GR7751-1/GR80367-1, abcam);		Homo sapiens	9606																																									RERF-LC-KJ lung adenocarcinoma cell lines;  ChIPseq; anti-H3K4me3 (ab1012 GR7751-1/GR80367-1, abcam);
SAMD00011874	DRS014908	RERF-LC-KJ lung adenocarcinoma cell lines;  ChIPseq; anti-H3K4me1 (ab8895 GR114297-1, abcam);		Homo sapiens	9606																																									RERF-LC-KJ lung adenocarcinoma cell lines;  ChIPseq; anti-H3K4me1 (ab8895 GR114297-1, abcam);
SAMD00011764	DRS014909	RERF-LC-KJ lung adenocarcinoma cell lines;  ChIPseq; anti-H3K36me3 (ab9050 GR106966-1, abcam);		Homo sapiens	9606																																									RERF-LC-KJ lung adenocarcinoma cell lines;  ChIPseq; anti-H3K36me3 (ab9050 GR106966-1, abcam);
SAMD00011807	DRS014910	RERF-LC-KJ lung adenocarcinoma cell lines;  ChIPseq; anti-H3K27me3 (07-449 1999681, Millipore; ab6002 GR77445-10, abcam);		Homo sapiens	9606																																									RERF-LC-KJ lung adenocarcinoma cell lines;  ChIPseq; anti-H3K27me3 (07-449 1999681, Millipore; ab6002 GR77445-10, abcam);
SAMD00011737	DRS014911	RERF-LC-KJ lung adenocarcinoma cell lines;  ChIPseq; anti-H3K27ac (ab4729 GR104852-1, abcam);		Homo sapiens	9606																																									RERF-LC-KJ lung adenocarcinoma cell lines;  ChIPseq; anti-H3K27ac (ab4729 GR104852-1, abcam);
SAMD00011890	DRS014912	RERF-LC-KJ lung adenocarcinoma cell lines;  ChIPseq; whole cell extract DNA;		Homo sapiens	9606																																									RERF-LC-KJ lung adenocarcinoma cell lines;  ChIPseq; whole cell extract DNA;
SAMD00011725	DRS014913	RERF-LC-MS lung adenocarcinoma cell lines;  ChIPseq; anti-RNA Polymerase II (ab817 GR81285-2, abcam);		Homo sapiens	9606																																									RERF-LC-MS lung adenocarcinoma cell lines;  ChIPseq; anti-RNA Polymerase II (ab817 GR81285-2, abcam);
SAMD00011699	DRS014914	RERF-LC-MS lung adenocarcinoma cell lines;  ChIPseq; anti-H3K9me3 (ab8898 GR111948-1, abcam);		Homo sapiens	9606																																									RERF-LC-MS lung adenocarcinoma cell lines;  ChIPseq; anti-H3K9me3 (ab8898 GR111948-1, abcam);
SAMD00011794	DRS014915	RERF-LC-MS lung adenocarcinoma cell lines;  ChIPseq; anti-H3K9/14ac (06-599 2153150, Millipore);		Homo sapiens	9606																																									RERF-LC-MS lung adenocarcinoma cell lines;  ChIPseq; anti-H3K9/14ac (06-599 2153150, Millipore);
SAMD00011745	DRS014916	RERF-LC-MS lung adenocarcinoma cell lines;  ChIPseq; anti-H3K4me3 (ab1012 GR7751-1/GR80367-1, abcam);		Homo sapiens	9606																																									RERF-LC-MS lung adenocarcinoma cell lines;  ChIPseq; anti-H3K4me3 (ab1012 GR7751-1/GR80367-1, abcam);
SAMD00011819	DRS014917	RERF-LC-MS lung adenocarcinoma cell lines;  ChIPseq; anti-H3K4me1 (ab8895 GR114297-1, abcam);		Homo sapiens	9606																																									RERF-LC-MS lung adenocarcinoma cell lines;  ChIPseq; anti-H3K4me1 (ab8895 GR114297-1, abcam);
SAMD00011880	DRS014918	RERF-LC-MS lung adenocarcinoma cell lines;  ChIPseq; anti-H3K36me3 (ab9050 GR106966-1, abcam);		Homo sapiens	9606																																									RERF-LC-MS lung adenocarcinoma cell lines;  ChIPseq; anti-H3K36me3 (ab9050 GR106966-1, abcam);
SAMD00011766	DRS014919	RERF-LC-MS lung adenocarcinoma cell lines;  ChIPseq; anti-H3K27me3 (07-449 1999681, Millipore; ab6002 GR77445-10, abcam);		Homo sapiens	9606																																									RERF-LC-MS lung adenocarcinoma cell lines;  ChIPseq; anti-H3K27me3 (07-449 1999681, Millipore; ab6002 GR77445-10, abcam);
SAMD00011713	DRS014920	RERF-LC-MS lung adenocarcinoma cell lines;  ChIPseq; anti-H3K27ac (ab4729 GR104852-1, abcam);		Homo sapiens	9606																																									RERF-LC-MS lung adenocarcinoma cell lines;  ChIPseq; anti-H3K27ac (ab4729 GR104852-1, abcam);
SAMD00011681	DRS014921	RERF-LC-MS lung adenocarcinoma cell lines;  ChIPseq; whole cell extract DNA;		Homo sapiens	9606																																									RERF-LC-MS lung adenocarcinoma cell lines;  ChIPseq; whole cell extract DNA;
SAMD00011765	DRS014922	RERF-LC-OK lung adenocarcinoma cell lines;  ChIPseq; anti-RNA Polymerase II (ab817 GR81285-2, abcam);		Homo sapiens	9606																																									RERF-LC-OK lung adenocarcinoma cell lines;  ChIPseq; anti-RNA Polymerase II (ab817 GR81285-2, abcam);
SAMD00011732	DRS014923	RERF-LC-OK lung adenocarcinoma cell lines;  ChIPseq; anti-H3K9me3 (ab8898 GR111948-1, abcam);		Homo sapiens	9606																																									RERF-LC-OK lung adenocarcinoma cell lines;  ChIPseq; anti-H3K9me3 (ab8898 GR111948-1, abcam);
SAMD00011843	DRS014924	RERF-LC-OK lung adenocarcinoma cell lines;  ChIPseq; anti-H3K9/14ac (06-599 2153150, Millipore);		Homo sapiens	9606																																									RERF-LC-OK lung adenocarcinoma cell lines;  ChIPseq; anti-H3K9/14ac (06-599 2153150, Millipore);
SAMD00011842	DRS014925	RERF-LC-OK lung adenocarcinoma cell lines;  ChIPseq; anti-H3K4me3 (ab1012 GR7751-1/GR80367-1, abcam);		Homo sapiens	9606																																									RERF-LC-OK lung adenocarcinoma cell lines;  ChIPseq; anti-H3K4me3 (ab1012 GR7751-1/GR80367-1, abcam);
SAMD00011864	DRS014926	RERF-LC-OK lung adenocarcinoma cell lines;  ChIPseq; anti-H3K4me1 (ab8895 GR114297-1, abcam);		Homo sapiens	9606																																									RERF-LC-OK lung adenocarcinoma cell lines;  ChIPseq; anti-H3K4me1 (ab8895 GR114297-1, abcam);
SAMD00011894	DRS014927	RERF-LC-OK lung adenocarcinoma cell lines;  ChIPseq; anti-H3K36me3 (ab9050 GR106966-1, abcam);		Homo sapiens	9606																																									RERF-LC-OK lung adenocarcinoma cell lines;  ChIPseq; anti-H3K36me3 (ab9050 GR106966-1, abcam);
SAMD00011875	DRS014928	RERF-LC-OK lung adenocarcinoma cell lines;  ChIPseq; anti-H3K27me3 (07-449 1999681, Millipore; ab6002 GR77445-10, abcam);		Homo sapiens	9606																																									RERF-LC-OK lung adenocarcinoma cell lines;  ChIPseq; anti-H3K27me3 (07-449 1999681, Millipore; ab6002 GR77445-10, abcam);
SAMD00011870	DRS014929	RERF-LC-OK lung adenocarcinoma cell lines;  ChIPseq; anti-H3K27ac (ab4729 GR104852-1, abcam);		Homo sapiens	9606																																									RERF-LC-OK lung adenocarcinoma cell lines;  ChIPseq; anti-H3K27ac (ab4729 GR104852-1, abcam);
SAMD00011841	DRS014930	RERF-LC-OK lung adenocarcinoma cell lines;  ChIPseq; whole cell extract DNA;		Homo sapiens	9606																																									RERF-LC-OK lung adenocarcinoma cell lines;  ChIPseq; whole cell extract DNA;
SAMD00011736	DRS014931	VMRC-LCD lung adenocarcinoma cell lines;  ChIPseq; anti-RNA Polymerase II (ab817 GR81285-2, abcam);		Homo sapiens	9606																																									VMRC-LCD lung adenocarcinoma cell lines;  ChIPseq; anti-RNA Polymerase II (ab817 GR81285-2, abcam);
SAMD00011758	DRS014932	VMRC-LCD lung adenocarcinoma cell lines;  ChIPseq; anti-H3K9me3 (ab8898 GR111948-1, abcam);		Homo sapiens	9606																																									VMRC-LCD lung adenocarcinoma cell lines;  ChIPseq; anti-H3K9me3 (ab8898 GR111948-1, abcam);
SAMD00011760	DRS014933	VMRC-LCD lung adenocarcinoma cell lines;  ChIPseq; anti-H3K9/14ac (06-599 2153150, Millipore);		Homo sapiens	9606																																									VMRC-LCD lung adenocarcinoma cell lines;  ChIPseq; anti-H3K9/14ac (06-599 2153150, Millipore);
SAMD00011813	DRS014934	VMRC-LCD lung adenocarcinoma cell lines;  ChIPseq; anti-H3K4me3 (ab1012 GR7751-1/GR80367-1, abcam);		Homo sapiens	9606																																									VMRC-LCD lung adenocarcinoma cell lines;  ChIPseq; anti-H3K4me3 (ab1012 GR7751-1/GR80367-1, abcam);
SAMD00011757	DRS014935	VMRC-LCD lung adenocarcinoma cell lines;  ChIPseq; anti-H3K4me1 (ab8895 GR114297-1, abcam);		Homo sapiens	9606																																									VMRC-LCD lung adenocarcinoma cell lines;  ChIPseq; anti-H3K4me1 (ab8895 GR114297-1, abcam);
SAMD00011706	DRS014936	VMRC-LCD lung adenocarcinoma cell lines;  ChIPseq; anti-H3K36me3 (ab9050 GR106966-1, abcam);		Homo sapiens	9606																																									VMRC-LCD lung adenocarcinoma cell lines;  ChIPseq; anti-H3K36me3 (ab9050 GR106966-1, abcam);
SAMD00011848	DRS014937	VMRC-LCD lung adenocarcinoma cell lines;  ChIPseq; anti-H3K27me3 (07-449 1999681, Millipore; ab6002 GR77445-10, abcam);		Homo sapiens	9606																																									VMRC-LCD lung adenocarcinoma cell lines;  ChIPseq; anti-H3K27me3 (07-449 1999681, Millipore; ab6002 GR77445-10, abcam);
SAMD00011763	DRS014938	VMRC-LCD lung adenocarcinoma cell lines;  ChIPseq; anti-H3K27ac (ab4729 GR104852-1, abcam);		Homo sapiens	9606																																									VMRC-LCD lung adenocarcinoma cell lines;  ChIPseq; anti-H3K27ac (ab4729 GR104852-1, abcam);
SAMD00011678	DRS014939	VMRC-LCD lung adenocarcinoma cell lines;  ChIPseq; whole cell extract DNA;		Homo sapiens	9606																																									VMRC-LCD lung adenocarcinoma cell lines;  ChIPseq; whole cell extract DNA;
